HER2_level,Frequency_shift,Impedance,Label
6.435098831142652,12.560755996181594,1.386641132905145,0
2.6153570716953203,4.450689988782326,2.79991118172459,0
5.433408929120345,10.966031938875757,1.5911529609942199,0
5.069548291137883,9.69610876501529,1.615195787720723,0
5.551290985139104,10.99814818427622,1.4838658221300023,0
4.5078637268041,8.833174450142502,1.9040882417580667,0
4.073487817456989,7.460841581660734,2.0010541388236445,0
6.762340274940976,12.694292228896789,1.2721166553916077,0
6.431934825363894,12.077321888684049,1.3766065410415214,0
4.680734287643928,8.978440500157943,1.8741014107947735,0
2.4919404239500214,4.220065264268584,2.866723209575193,0
5.511552390082298,10.989486948711832,1.5396253630593995,0
3.3191663097585122,6.453236564989141,2.2824376392174366,0
2.9280099439977767,5.983906083765732,2.51074049078087,0
6.255270515419304,12.581904058823458,1.3366243228972994,0
6.148075508412325,12.475745563688378,1.3751357434131544,0
9.198307699502873,19.056459876267972,1.0048155233155291,0
7.5888446493040504,14.627397629695444,1.1128034393985957,0
6.520969212441993,12.809739014191791,1.2286926951344352,0
5.00358260679256,9.956096021927582,1.7508086379341297,0
5.735332776830381,11.660893038988693,1.488872304049738,0
8.533781108252285,16.874387305051727,1.0028518033277045,0
4.771800743676294,10.188121790104748,1.7406531863683217,0
5.235922588527251,10.248953317343032,1.6062071180314776,0
7.696676582470513,15.20434576733739,1.1795022357847305,0
6.013052885191688,11.423390820112125,1.3946493440018524,0
6.641354440550675,12.760734008295465,1.2584278369608648,0
8.471326798835005,16.83888686908672,0.976360535539963,0
6.276647122796045,12.567396269324902,1.3803402887247145,0
-2.0456159197316426,-4.075283178268473,-9.567411228814638,0
4.6629391314982165,9.53906709316922,1.7717659112263344,0
4.97436073019452,10.458979032217533,1.7300812102158778,0
5.618836779974366,10.899760224761177,1.454000493248582,0
8.402511575248665,16.592350018296457,0.9558751235983747,0
5.817217743039446,12.342938391445964,1.426358764744662,0
8.259012596160623,15.688109298054615,1.1727413511802451,0
7.970434329962272,17.049906345100858,1.1174944211695665,0
7.198150387140339,13.91953863680566,1.303232908878701,0
3.4313929506848453,7.030878202650959,2.2532310542261094,0
6.022527215182977,12.164469091542605,1.4368197000397338,0
2.289167789445237,4.583035437243231,3.1381651825011025,0
4.43566695164798,8.864575976399223,1.7293565416457266,0
7.737974536128922,16.162521127613154,1.1404469369345944,0
1.9729834589180713,3.7862948237293543,3.4159583817521177,0
3.99340243525573,7.491370337356583,2.02240161729493,0
10.105375722260709,20.836309128834724,0.9032483348501433,0
2.018681950361235,2.9383484727588267,3.2850454973384178,0
8.893122088852955,17.425098595971008,1.0190727423164685,0
4.529225993353246,9.128258898797828,1.7862276721648258,0
5.26724794272231,10.0657407305387,1.6147213218216843,0
9.603672836055232,19.977713454361588,0.9921751396304974,0
3.4901326009786997,5.950940072022327,2.2553104519647786,0
4.755614860832677,9.588396493306567,1.6374843485384978,0
5.426226795402788,9.757528507326198,1.628937728804295,0
5.526474629971359,11.667451266743047,1.5074430947926885,0
6.802496723921781,13.050616189021587,1.3363974999697257,0
1.794581151791062,4.21083014096207,3.589866214092784,0
9.596383701612766,19.302946501236462,0.9755284674546032,0
4.988013949602228,10.162098081890159,1.709559195290561,0
6.13300877380496,11.958554731744043,1.3173623762989946,0
4.353171125445701,7.216524132224283,1.811017488945383,0
3.30468421199069,7.408308603386431,2.26704821946265,0
5.249457905600773,10.57689703791441,1.5425975384094768,0
3.5471958036882416,7.309536464180353,2.2434124099774846,0
6.830899363515347,14.277055144619624,1.2945055724277643,0
8.879662425815724,18.340629001211365,1.076266348349103,0
3.629349320819931,7.630912314659002,2.236393240491689,0
5.173807173377188,10.571833623427738,1.6520750307130156,0
2.10111664629459,3.782921158409914,3.1932146675927098,0
9.362778773855734,19.0312873000366,0.9857149909153138,0
4.276095531892871,7.954084021561306,1.9366898511359736,0
2.734312158343437,5.8247928779364155,2.6381655463886258,0
9.563975645428396,18.79171537053206,1.0569183401158169,0
5.44150337804407,10.448847054255982,1.6363277917748777,0
3.433356215311319,6.3766464785732575,2.278594243442464,0
5.454850768795663,10.741774352794515,1.499785968592491,0
3.936844490508757,7.895825914287925,1.9558637630023186,0
5.343662820437838,11.146685153797169,1.5483621510126104,0
3.886810201158915,8.333441205019948,1.9818671506982617,0
3.5472782245992,7.088928471430873,2.2159287508224748,0
6.962287614941668,15.020860024397997,1.273705394077699,0
6.463935235827481,12.930928466343966,1.3846091435270755,0
4.2509571473639065,9.558743766728396,1.977058838887873,0
7.870476805337505,15.045302950833458,1.1121070721642856,0
5.945602605503483,11.541445970439494,1.4437003188663156,0
6.178030470191471,12.990122271695475,1.4821345821981766,0
5.930232083735675,11.566925504244164,1.425413344633042,0
5.407810724558696,10.363306570930618,1.58578297684471,0
3.3164888237590113,7.098788638116307,2.330628132542412,0
1.9158232766512242,3.1691336834398567,3.433120971950302,0
3.2979256590013257,6.0193360692414615,2.3829335824501516,0
3.7278428987562586,7.231227706528116,2.0793500821940123,0
4.114366464870849,8.227204798087039,1.9467984116586905,0
6.723430153232169,13.106895457149026,1.2751158185480107,0
5.864346546172092,11.553875546432177,1.3925830044507554,0
0.9602719704869207,3.3046733916965114,4.993097420217714,0
5.86743926125661,11.817131110862375,1.3544292503533908,0
0.443104357280391,0.3189930376800245,6.940194614630183,0
2.484463696114496,4.549112543888088,2.878681422225609,0
5.939731025122914,12.107501618442566,1.35950008224227,0
4.002658862020727,7.763417972533741,2.0232123404356788,0
3.0787578522824925,6.405626522051376,2.3816994509568827,0
2.673289662674956,6.1400367238096365,2.652191302248551,0
2.9385736252522157,6.5875220923595785,2.6233720492081223,0
1.7409531806451808,3.009234225338145,3.6460186587516157,0
5.750314214071056,11.660362195478589,1.4399812560552991,0
4.5170448612932885,8.648154656574699,1.8710662611115816,0
6.981530392302117,13.324733313253578,1.2059305902007982,0
6.799785132544332,14.124348099475405,1.3805191142106106,0
7.999777781290661,15.47692713926365,1.1009225534771248,0
4.357962829806063,9.01778398670841,1.987062247911596,0
3.9799823686149276,7.81173998064178,2.016521589358825,0
8.250479575064432,16.848852555631613,1.0613410850904919,0
6.682515187898149,13.698638692894617,1.3110748562456827,0
9.08551743309657,18.017643048273694,0.9381004636685534,0
8.593159429872308,17.79265018543875,1.0874158406608305,0
4.41749281164263,8.733233395136962,1.8919908200226554,0
2.760630692190103,5.429621969869199,2.6287628817544855,0
1.7216826993338308,4.289899793324414,3.6362531061353205,0
4.012353944146488,7.779623609602943,2.0531119373285702,0
2.256053886830351,4.786343950816232,3.1112114600353094,0
1.7661919383712803,3.856615372076222,3.7296960806046378,0
5.26973226432977,10.591532075513655,1.585167807340897,0
4.9791756430365375,9.632271114046128,1.6006032613772347,0
2.5416605615004135,5.120460677153008,2.781561020134058,0
8.267960494591458,17.231183207171334,1.0330979911016747,0
2.08114596144365,4.369963346142358,3.2515848209147564,0
10.180903367040404,19.764195003480957,0.8770479558819041,0
5.521403583510319,11.0840094610445,1.4753576429812443,0
5.365193678612712,10.939504336244632,1.5702807198461508,0
10.217022802787492,20.333849938572854,0.8705873592941992,0
2.9296005888336794,6.524271720240643,2.5114388395854856,0
5.571984886541197,10.13087343390043,1.5887691715035877,0
4.934625210482508,10.464282108251867,1.5723751056157949,0
5.51212981797436,10.600714182967309,1.5989102875091277,0
3.4115371910218406,7.178243516595371,2.31969230064727,0
7.774413569001913,15.38651705361093,1.1741701940427585,0
2.306703606943882,4.950665800863328,3.0418686719135337,0
3.246889119848732,7.641234446882583,2.3055285022769967,0
6.8078820663314925,13.567028524300376,1.2860474472295287,0
4.978231215827972,9.275941336302665,1.7501842593033101,0
2.2877461268422694,4.085426208659915,3.061911813456309,0
5.2148726481098,10.611661918593034,1.621827429495573,0
6.364611296396717,12.425919358555246,1.3108586226761523,0
5.2655732016930346,10.487510107483219,1.5695868676653317,0
4.4718824207275585,9.217628354541603,1.8782541940013062,0
3.725186400308158,6.954783835746124,2.1955645611832058,0
0.9123579743238484,1.2641060916135214,5.3384544537217495,0
2.5552714793261297,5.307992142036429,2.8391062329372905,0
7.908308696726979,16.191433843926248,1.1045784924472624,0
4.512506308452971,8.825115123872541,1.7983758348268921,0
5.590942446268486,11.539844620957558,1.4676447867258,0
4.269137391632818,7.963926271276497,1.9234342808737697,0
5.545477436727715,12.007756574726471,1.4973299840196659,0
4.80985341490056,8.986865480725745,1.7720282165868182,0
7.095201440074865,14.441010019848811,1.258856169786192,0
5.20573021352636,10.508320775404654,1.6415000968037727,0
4.521119779631824,8.711375388562214,1.823406020682625,0
6.330757488577325,12.918581152625936,1.33840024160745,0
5.970538365748174,12.359838104293967,1.4058106690982786,0
8.539719487550963,16.68741819403246,1.049586314526692,0
6.06498056533427,11.550882729664227,1.3975263018173394,0
6.146560606243878,11.868357878587675,1.3296036664505,0
6.680198502922201,13.833225157534967,1.327942101440575,0
1.5258842317678099,3.644206139815751,3.948029951430521,0
4.656371887571574,8.903125887072417,1.7352429583804352,0
6.654071445111726,13.11408647372898,1.2889526863387435,0
2.920685931609047,5.965416193054892,2.5546980797182473,0
4.960722922387712,10.306129912681918,1.6925411241112067,0
5.0812410971321915,10.37794323152976,1.7165434487477322,0
5.3788881361166085,10.77823945231281,1.5505556856710667,0
4.375683523822389,8.80985473160074,1.917758416720432,0
4.778658499360575,9.030368034236378,1.718234846936558,0
3.2211310497965093,5.136235941759707,2.3538375657992012,0
3.1105841699298398,5.820167630401993,2.4509999077517253,0
5.051086151838943,10.095380737807279,1.7336843147165784,0
4.3634009404971135,9.001941827779168,1.89572300079049,0
5.483100989417586,11.474942701167585,1.5131766488122278,0
-1.064398015656982,-1.8080841670087144,-155.19441726012073,0
6.772008525295497,14.241911456575842,1.2006757456541508,0
4.097333817932394,9.259461336463914,1.9725083381415998,0
5.622514643501317,11.435117483464987,1.4941922957619937,0
5.342417349652382,10.447282715925923,1.6114621919673078,0
3.539549441957167,7.581737460795459,2.2450972351844314,0
5.126943900804991,10.061132261617997,1.6656971210916147,0
6.035999044259961,12.548548519328612,1.4583627353659656,0
8.228006571446127,16.14186782771261,1.0538371248413854,0
6.553189041211825,13.445049224874031,1.3824407654316304,0
4.2532925413774,8.265670650413185,1.9436893539959963,0
9.760552858726882,19.548968116330293,0.8870395088222437,0
7.395624485223055,14.843618506623425,1.1086425464767224,0
3.8146942153449,7.902273577706758,2.025424420446331,0
6.111096245826039,12.411581351757846,1.431886298377276,0
0.5371724433117437,1.4804993929579178,6.494672865645402,0
2.191329164924023,3.3992242093693235,3.1551372598174288,0
4.587793408989672,9.230015631306431,1.7616543886946308,0
2.1720495049175543,4.5117598523210924,3.181814290339989,0
4.1685944554811165,7.892679019674314,1.915479279246253,0
5.0237185469391274,9.402413259418921,1.6778830459729288,0
8.356325697053594,16.494474686847507,1.0360833766002127,0
4.414529327047164,8.420841291053604,1.9581978566049942,0
2.5516986992411854,5.168182057999553,2.94106782873857,0
4.344014870080362,8.791329705769686,1.811277457216524,0
4.994578271286045,10.24553761661817,1.699112694215181,0
2.9592684315524638,4.984041642972278,2.381151842430366,0
4.298947349708284,8.099776376043046,1.793927025844878,0
7.880746508753968,16.025104019282647,1.2847180848671802,0
6.875437725228294,14.361740469833943,1.260425568784428,0
6.446277631313165,13.51086701713175,1.3358023700415382,0
1.5271749765100644,3.545172928715212,3.9804615251393094,0
7.403125412711759,14.261307104451804,1.1706622602167003,0
3.3969824167737874,6.168173744444612,2.3036941127509705,0
3.090009165574287,5.5071621201676155,2.443890850992406,0
7.149804231604002,14.23604783246824,1.2517408251007667,0
11.661141746899968,22.91313346663436,0.7610254722379836,0
5.7187701228898264,12.21302631477156,1.517072732510331,0
8.429576403668767,16.23171692208119,1.0037615518778507,0
4.540367899417854,9.917140356643218,1.6774921227449333,0
6.687178899660207,14.273632010326624,1.303241532473295,0
2.0546135667606626,4.967311910101566,3.222999856831729,0
8.454732413386461,17.054144931205926,1.0911033325810793,0
5.847092037830152,12.508053090586872,1.4928297799134518,0
1.784418434007356,3.2804568922260735,3.642331209370056,0
7.531993058838055,15.329934501103732,1.1410595763372817,0
5.207558233721805,9.715477667799297,1.65977567299586,0
4.150331176649274,7.959379284220205,1.9897982374050471,0
5.040845596759157,9.930236246958605,1.65478894316281,0
7.486994105320521,14.641010811549844,1.1997777817169855,0
5.615598231922365,11.603881673917007,1.522429873506468,0
4.098600908476897,7.704455070985525,1.9855648824242669,0
5.18046181836806,10.599332470418915,1.739790739428227,0
6.452998707897908,12.876506893934923,1.3462916831288407,0
6.906799586735628,14.198789414453374,1.2339164139620604,0
3.9227084154724308,8.25224910965901,2.023613429767025,0
4.383097433449591,9.277533378604563,1.945582592265349,0
3.664961968326854,7.9987792898425,2.112917544162784,0
4.209919434285485,8.202143958743871,1.8695910834568732,0
5.877678264578021,11.0831527357774,1.4587447051110016,0
7.989026787154421,15.572879034378532,1.0647053367488644,0
4.432666676575668,9.460917959522003,1.7954832564786987,0
1.7181320522109456,3.13985736678156,3.6661046348477537,0
5.035690549940612,10.353090883704681,1.6164013257035486,0
4.16386958986083,7.579129630638511,2.011012361121754,0
4.010980663236191,7.657789788055134,1.9632958527432602,0
7.211602406925448,14.205995418538077,1.2319534012072533,0
2.915972180792589,6.133546840904156,2.614619383364345,0
3.7399162081259156,7.270819011606584,2.182864105984751,0
4.060741499059567,7.587128403486766,1.8575406405690225,0
6.432876040520679,12.799793628435873,1.3515587936545301,0
6.032771808727027,11.518863677768602,1.3670605633836674,0
4.758200330026556,9.581587439277826,1.699804832695005,0
6.4236323353905105,12.729951106431491,1.4115887945861112,0
5.424251550823633,10.486336994636503,1.6195279690816646,0
7.494760410509176,14.691887750494622,1.156990287522141,0
3.605005980168972,7.704022192449317,2.1412711584330086,0
8.501213760310456,17.4067760983856,1.0553525711760086,0
8.016558336809943,15.590378089728208,1.1566704749707688,0
7.886964640258865,16.261789568945275,1.0685165105102405,0
1.7788809028042532,3.5407132936562533,3.4942064918762914,0
5.724684455372015,11.615149250057994,1.5059244504538232,0
5.46821455923682,10.657301448530252,1.578193374230589,0
10.6490216342154,21.017182865581486,0.9892856408152766,0
1.406482676125942,2.610099755640559,4.111889552826018,0
3.989383173599462,6.803625026951537,1.9158315004962851,0
3.014296514820741,5.72919795914024,2.5552759227454716,0
6.775030025389546,13.391614563236587,1.2954685724135655,0
7.359526066151555,13.822762379608069,1.1593150769981224,0
7.259585410342313,15.077432948774431,1.2636942072559254,0
7.206177239761348,14.404292936967353,1.3005035085082803,0
6.268576171564888,12.348534561155072,1.3489580219772557,0
6.3816823536713825,12.22357483742529,1.3515215356297832,0
4.10147281329492,8.291917628126573,1.9138438476331596,0
6.504707435722711,13.427644347901627,1.3170134623935803,0
9.35445932941824,18.34351397574802,0.9423340863135817,0
2.9356243409188005,6.2907839008885915,2.4550974778622763,0
6.203654649019278,12.895998788389688,1.420921690781116,0
7.118167483824337,15.003005100744288,1.3256719573083058,0
8.52388779469692,17.13583963332673,1.0387293687589347,0
1.0912255079054662,2.0556430936756667,4.745279145002506,0
6.135302264700231,12.605009896375462,1.3751496275599866,0
4.074092477375684,8.285215417382544,2.021865767646522,0
4.939370153126416,10.395123906926402,1.7284523036188093,0
3.362389667211488,6.807685222916516,2.23652657102836,0
5.479941409820117,11.204833866264552,1.5070333286899107,0
6.690378562836042,13.096790305139002,1.4190575950453725,0
4.499803950613058,9.576848119398086,1.8874175024430329,0
4.040901959397798,8.160535744537347,1.862399481792978,0
9.545614073412946,19.09964671496625,0.9047861375252133,0
3.9944638347330597,7.756277334450151,2.026681175705124,0
2.3336709560134703,5.048696898890075,3.0611293294120303,0
8.132583421733255,16.205681463642204,1.115175927840371,0
6.366896500556017,12.320065282389624,1.4358968203725775,0
4.682324314434801,8.308862580959758,1.8122624382223327,0
5.6617078632249855,11.124575992431218,1.5158571624977457,0
4.950739879997289,9.683765577210972,1.6572653148918983,0
2.0093426569489377,3.85703729868196,3.281610303838353,0
5.488283836438404,11.340088617482579,1.556818619315209,0
2.7710041854110767,5.878901437167177,2.6551832790526477,0
1.6008101849065577,2.7949745197138722,3.804918118342489,0
3.3048914566932526,7.115267560854196,2.348026555990822,0
8.20139527372633,16.13638184947719,1.062855552056015,0
6.218737498475179,11.563576520142611,1.3580053953666602,0
6.878956225620696,14.26897867410769,1.3575423129441986,0
5.8761315717031435,12.334233774433875,1.3844746941400439,0
6.194914364947948,11.534818404221642,1.4271028926710156,0
3.8549846968150856,8.006859280577586,2.0745569599556246,0
4.593692167880601,9.327179548347573,1.7400856016953505,0
4.0042836775515305,8.225811400644142,2.069415678863851,0
6.757821994221116,13.978705553164328,1.3075476306033296,0
7.080238181039258,13.99597852375989,1.2385591862905994,0
5.042386882669652,9.491776269105898,1.5954089674818213,0
5.011258502514226,10.445685840910947,1.6002782749481983,0
4.160164387482509,9.136577310477147,1.9849953577984718,0
2.827808519106474,5.930706919699962,2.601992129323447,0
5.666542362960835,10.9112514584618,1.458051741400718,0
7.663526013302028,16.171749623203855,1.126801016841214,0
5.697779991230416,11.58246994679244,1.4887043218909426,0
4.477134704187716,8.476533758895235,1.8564186350111778,0
6.595526482164479,13.436959895369665,1.2483864448842033,0
2.888297986172307,5.625295031255353,2.5719685213868058,0
5.952613305155724,12.281620023156021,1.3412585803434918,0
7.002442589844097,14.145163180260228,1.1998412246267638,0
6.760175914540729,13.46929216432666,1.2505780157451196,0
4.568413289079886,9.271634438767478,1.746544869259136,0
5.453067101332761,11.308273779453526,1.551684369765962,0
3.8660777703219398,7.761645119617991,2.0035597848902675,0
5.791088644192623,11.072540693954702,1.4553963777133507,0
6.53525125068292,13.220353866825077,1.3774089227670312,0
4.729121530080915,10.176640342197647,1.7460950306894516,0
4.018619921656494,8.1900116420276,2.041764680081354,0
5.0616701693728,10.643706742495082,1.7121937942857597,0
3.7744115244359255,7.344279046413898,2.11135538093975,0
7.600304595343795,15.268086159032737,1.170689411023534,0
3.3479308093974427,7.067887552526737,2.2642270339105273,0
8.82110531408076,17.449227737640005,1.0912056090115674,0
6.074072352898776,11.592592178598647,1.4944920094610046,0
3.5529834171288814,7.214099094998556,2.1733051016101417,0
4.7604563819965815,8.731522414733968,1.7462069020383337,0
5.033382889357602,10.045851923198978,1.7007306866714167,0
6.485100529189866,13.391225365183507,1.2780219538771471,0
3.927505523817243,7.494948409813752,1.9381622883972323,0
5.264302544826073,9.77772323066759,1.52329839797393,0
6.063485577309608,11.822965604603219,1.373500491329843,0
3.2018985723676474,6.689893524252176,2.340252974360599,0
1.7071741379067356,3.9646860619840893,3.7011198513994246,0
2.7737490645329865,4.949660474806405,2.6282558970814227,0
4.225589056278228,8.183848044729636,1.891234428161746,0
4.705848967832314,8.479910629781175,1.7323995217932842,0
7.207541636099503,14.738664752140107,1.286938946342098,0
8.713627319767681,17.997964597107558,0.9782397091876469,0
7.314714650668995,14.834413481431014,1.1478889659554605,0
4.676587564748455,9.488791728819283,1.783322183613963,0
1.3638729449036124,2.347948426177865,4.208769111196348,0
8.052415896695752,16.439266652737462,1.1386049517551724,0
2.593558800826099,4.397289343595025,2.698721883463835,0
7.936157113062183,16.445556427510088,1.0741640616256478,0
9.085310337526142,18.079892439733673,1.0128006990041059,0
7.124035851040202,14.746188471127828,1.2269351049445665,0
3.2333299076730015,6.5435759168085115,2.373872246981133,0
7.524267314032267,15.06017925778303,1.1750274008762724,0
8.13392032852367,16.05726442306055,1.1296205000262174,0
3.0189076215997366,6.582689905600903,2.5281302705100814,0
4.548502353396886,8.872729868777135,1.8013304292420382,0
5.725742070145875,12.534986147205467,1.370007891492564,0
4.0905862287982,7.79398772724333,1.9491913405940382,0
5.985476653836363,11.525479779368384,1.3953481988820289,0
8.392747577968809,16.767845474899122,1.1230340291710514,0
4.011756993327921,8.076414264696375,2.0348996244208872,0
5.238445690127997,10.5359798231292,1.5878007861269916,0
5.843035134212124,11.561823827129286,1.449223605564852,0
5.936767000626199,12.492600364719195,1.388614352247333,0
4.154386098744759,7.87250088510053,1.9326805337050068,0
4.048691436586495,8.527257917321485,1.9544038959684404,0
5.161040415521174,10.320569377242707,1.5896794935374425,0
6.967412460224043,14.23280625120577,1.1868572037127902,0
7.6157765362071785,15.578972813276001,1.0852852665101318,0
8.042817451887208,16.25650622251306,1.2129746141672182,0
3.8287256172393223,7.542739385632911,2.045916943364533,0
4.354804486185248,9.414235625458414,1.847166097277593,0
6.025344862907546,12.684088380350431,1.4323887352300098,0
9.238449894693463,18.249335907020104,0.9332153130788248,0
8.387228838800091,16.764377732639655,1.0253723831884436,0
6.793080849233071,13.72113513253409,1.2845426095133408,0
1.8817075172962188,4.426219108862175,3.4631444735646277,0
5.355252192802993,9.526123852873623,1.6088531783242526,0
2.287190127956851,4.6990617161321655,3.0271365935514187,0
7.034607772882882,13.530325249262365,1.2214454408899307,0
3.761928830461642,6.807044591672987,1.9959638750249502,0
2.6630471213589426,5.667114260482782,2.6742526342975808,0
6.512030409876325,13.73001589444448,1.3481035165635042,0
-0.24000703760060027,-0.30002552484234235,13.142260787237658,0
4.872586105496912,9.616954652032177,1.6844462572389363,0
4.41202630731025,8.982208866587829,1.8605074872242453,0
3.4110124071296535,7.471241399439856,2.2252290575039932,0
6.511441265250802,13.499331173007546,1.3509211915027484,0
4.431155965902755,9.24077910711872,1.7351602324630309,0
8.950224638634165,17.087283981772472,0.9565735016865643,0
4.553745589106982,8.749695622434482,1.7478572400248735,0
5.66446958580282,11.328892731737051,1.497445424272313,0
6.859817094601396,13.240527947059133,1.25715985003453,0
4.3384273053586,9.173345019495985,1.8718943133346821,0
7.269577105139724,15.195129244412355,1.1263893855668612,0
7.208794561360915,14.368552721242029,1.2427667338702932,0
7.175671426949554,14.343820236899976,1.2132763266304742,0
2.106937711236244,3.152969979042483,3.201370822013133,0
7.118234944733915,12.901304297210668,1.3055441889819088,0
4.53997418365049,9.289138715732161,1.8509512379445938,0
4.860982688957087,9.979929572650994,1.6743927352895074,0
1.592593470669145,3.696478051622833,3.822199940852232,0
2.995913927204008,6.490414526585941,2.4702631673532243,0
8.119182999209409,15.997847785072036,1.172178811007192,0
4.085068747788793,7.161514035486025,1.925034622754096,0
5.120105599640505,10.034760852471347,1.6478487411441225,0
4.591503565435934,8.89442810891451,1.778500016496815,0
2.113868683120727,3.527636132532955,3.179296699423176,0
4.247332737298056,8.584532168826964,1.876962836778577,0
3.6531863605861616,6.751827596297962,2.0982789383868004,0
7.941582277767873,15.321288433250912,0.9658113011877867,0
6.7417414516042795,13.357364649641168,1.275428177228252,0
4.056059261153443,7.711186137142752,1.9106682350693651,0
3.043782911089462,5.243463741615946,2.4230969102209317,0
1.9150615112504532,4.216206504977063,3.417705295268376,0
6.821729268553298,13.548726878092324,1.2530376230461888,0
4.193312768121033,6.84720527020304,1.7976499118289484,0
5.390970906267244,10.338025268300946,1.5701454386513032,0
3.238723034881625,6.422511929763528,2.4349728795790857,0
5.580652331440842,11.071318286236194,1.460136669232862,0
2.9489494191451944,4.696393155440854,2.5060037065849126,0
4.956103660918256,9.104356564239856,1.6369527627911962,0
4.727722965870277,9.041392352498509,1.7538556727068382,0
6.5628103259972175,12.889142495572472,1.3604017661913652,0
8.283433283088495,15.749350878012452,1.0510174101383423,0
6.068929417677719,11.766451407416428,1.4536554031816982,0
5.407197472846415,10.944434798783666,1.4935942494051513,0
6.088538250945902,11.62685561816681,1.471201688628708,0
4.953834974109765,10.477596547127595,1.6898541957883695,0
5.575008200397942,11.46031860981984,1.5671495715029289,0
5.372592409339756,10.30220481651839,1.5672224907099814,0
4.089638000466628,8.819741399372493,1.8987247424014806,0
5.376365902209373,11.075205643128038,1.5889276840190623,0
5.425097961158044,10.689267583815385,1.554441425980376,0
5.742123023403456,11.677705500966736,1.5421328266664411,0
4.248061409800356,8.584853417999518,1.9482203150169273,0
4.510094087731656,8.335532220179907,1.828659491799132,0
5.1806424247736125,9.955944970042202,1.594865423589513,0
8.140679066528445,16.447450135701192,1.080604099968718,0
4.948629298465096,10.338211684252322,1.7219631864605411,0
5.817856257311056,11.49992641375948,1.4362940759456868,0
9.142836295194565,18.35921171631534,1.1098826417138818,0
4.449126767416829,9.382610667591322,1.760989470713758,0
4.329974689775215,8.915748463294532,1.8689955839251617,0
4.973315486026158,9.176938225126825,1.6714807072888775,0
5.058112456218494,9.810542593729016,1.615369774204173,0
5.928954058157093,11.120766936846552,1.4593971606070166,0
6.9465088451358525,14.48319001721939,1.2988340954398292,0
4.98934472562515,10.107319517696837,1.691654739803274,0
7.861373988794405,15.761381864551485,1.1761452783836641,0
9.026275908295702,18.28208990917296,0.9153311275656223,0
5.954116029844996,11.395020310033525,1.4820031965658,0
2.125690289067936,4.032811638163067,3.274194497139601,0
2.6229335142838486,5.2824460927372705,2.794471543593371,0
3.2967383228758758,6.461460340908326,2.29278144585373,0
6.107508797553355,13.358766094550248,1.4421704824898045,0
5.060128140396403,11.397211378722849,1.6512403681380925,0
4.459577258386093,8.830622143111897,1.874741521211794,0
7.791103152771663,15.90168127067647,1.1308278669169427,0
8.592135722541023,17.86592858416918,0.9786724735671979,0
5.243191544436627,10.299305431619475,1.6049905607020372,0
6.324466493765442,12.717079480360598,1.4707219268680873,0
5.099804441780057,10.701584667764507,1.6558394426951542,0
4.796429538827376,9.860754849091302,1.7667584634471458,0
7.724138067220739,15.496343969295191,1.2340257446434166,0
3.573495569225849,6.301980631874661,2.2495136111151735,0
5.438030357068848,10.405314380778066,1.483032693435699,0
2.887507954375521,6.3855586025310345,2.57845610871222,0
5.561099379146154,11.57175697507667,1.586127466460457,0
4.3549147781703095,8.043639086168461,1.9223372481425465,0
8.746749047082494,17.54307596511879,0.9760867621226907,0
2.7980604580877038,5.0910131118315824,2.6383777145506846,0
8.422032776492461,16.616696656935524,1.0504559409354577,0
6.732113277293526,14.077682613662738,1.2618880016194736,0
4.7584241608917175,9.889157493296938,1.6308124159771142,0
1.76226466193325,3.039300851716124,3.5105410142529854,0
2.859723069595749,5.517297366537879,2.6624262568496673,0
1.49643265364509,3.396342622651667,4.11255564106599,0
6.869763476407863,14.347826837830212,1.3531491074790114,0
4.0214426140784045,7.139942457878066,2.0288039425215185,0
5.908425869194406,11.975899625892948,1.4369319523343485,0
8.542257795553155,16.763281800099175,0.9807874408608694,0
6.836537233827624,13.108598948213919,1.226875697880537,0
6.5948118773238456,13.75972732299792,1.4037166611370833,0
3.4703762615659652,7.724388697572516,2.1869578472186597,0
1.64202715687451,3.972005263389106,3.7936790196761785,0
3.6630721098764276,7.571121923806567,2.17972196857163,0
8.17299914991298,16.993859324158798,1.0686313070536766,0
4.83600347081441,10.019926228053725,1.631104307281508,0
4.165784197741798,9.174097323170882,1.9344994743260069,0
7.0498190051550305,13.600745855105544,1.2053315938853912,0
4.727522576090472,9.948971260563052,1.815502439977536,0
6.326717156144223,13.075887593955265,1.4186306971627445,0
25.976506148817123,51.029262137094925,0.3604155083135813,1
18.42267175544187,37.46031518652866,0.5140817156270245,1
8.631175717817877,18.069177696010456,1.0432635423322645,1
13.009045815621848,26.178442007240463,0.673184613464908,1
15.677029316093943,31.317155500549422,0.547106214886277,1
15.88034317969051,32.35228340301364,0.5731958005027424,1
13.082589664646319,26.557029605060936,0.6613539486100591,1
14.85914945141559,29.175006475617202,0.6137688974432335,1
18.04861032833155,36.15576498249993,0.5137836830781448,1
6.876308148845014,13.99382196610174,1.3164026793703585,1
8.788339271474742,18.461640005468812,0.9294760464003047,1
5.993231340882815,12.801322268280517,1.4569683412483965,1
10.232796461725878,20.43509545869417,0.9781088604372965,1
10.63498432412899,21.970191249190723,0.8158970339688041,1
19.57865535193294,38.82179503906147,0.5438567444807832,1
14.203734475005888,28.598087010169895,0.6521232573288738,1
9.562172035496054,19.607515190064852,0.9567238615413207,1
9.285484122973319,18.27682581500472,0.9845304979022234,1
4.574050452661071,9.196527786298358,1.7191358326242858,1
20.15795710923059,39.94287928295742,0.48587524367231466,1
17.174938110751874,34.603901867081674,0.6497454750605076,1
15.199196399407166,30.115912125186455,0.6439804560978762,1
19.349816880553526,38.73514687424935,0.4703073900106131,1
13.499183412854043,26.675644483551043,0.7350115532828034,1
10.993384464391116,22.936748469487647,0.8177059080236868,1
19.233303747999734,39.20125453622501,0.46333395546845424,1
18.10936924787698,36.45157021203867,0.5122204708052407,1
18.54773005130542,36.37275321125743,0.4953201986854584,1
16.194717375121783,32.399177753233786,0.7176166468194745,1
24.086608838616964,48.330850040780675,0.3580580083567849,1
13.443844284732494,27.508534550775046,0.677843865983229,1
11.273684904148055,22.61943349993589,0.7813543821587012,1
19.728973231472313,39.17027830895889,0.5439502306651833,1
18.45187519252233,36.88190986311917,0.4702256534838265,1
13.286147079800594,26.656985967211696,0.740321396491268,1
10.135727618073538,20.592119404499368,0.963928146479449,1
24.262301984358082,49.18324104901797,0.32466877979367853,1
14.563931735500077,28.95550821827185,0.5824438187544,1
15.31299524609296,29.23090798202402,0.6264947820942564,1
12.492598585717023,25.665054832341447,0.7317092678521381,1
13.046333359606203,26.756919367144498,0.6955335072493135,1
8.79466754456634,17.734050470060644,1.0133015230078752,1
5.337317228138636,10.93823553780925,1.5321604798734192,1
18.70816326888641,37.09928886170943,0.5434819501036856,1
17.440720790752845,35.34563755497248,0.46161627515133763,1
9.823021020333938,20.11535399921649,0.9694739754066226,1
20.67794173754814,40.20098296669001,0.5003228114164894,1
12.461503432822344,24.781508902383116,0.77787755603024,1
10.806826665182765,21.403732595428295,0.7350994660035871,1
12.312970392243965,24.51685690538787,0.8020109046890601,1
11.769886377428206,24.073290085203496,0.7101229458260617,1
20.016617184076786,39.27613159563972,0.5071493475118325,1
13.265116102513776,26.79777801469847,0.7069695884711678,1
12.424382572581793,25.241567828502003,0.6867801308077907,1
12.759386360174394,25.434552851944034,0.7209155527239781,1
17.59234460073082,35.039426656010036,0.5720764719485981,1
10.14475362969818,20.127132655708255,0.9305022123690678,1
6.93812924112618,14.036920093658214,1.277247660477817,1
15.782416048129043,31.387814225419636,0.6083787350362907,1
17.242915147341044,34.79953755940664,0.5067211647726176,1
12.107593377975842,23.685480774266747,0.6960706864133085,1
14.91587488414224,30.414954807967078,0.6288348990271536,1
23.243461333755583,47.6546612773806,0.3203323024182003,1
14.375301612268629,29.099614706290676,0.6977605376860141,1
6.828979520088591,13.664190492990478,1.3733124394908187,1
15.13491699884629,30.742408496247,0.6768908662783831,1
19.25183186690975,38.13529172782346,0.5576250831346654,1
13.344882086819403,26.461570809816312,0.6948941316886956,1
21.129028328036682,42.0135241979174,0.514317628527093,1
13.209213595900847,26.351670628011338,0.6874025381700949,1
8.996550677609584,17.965042753031945,0.9512045863225789,1
8.979180728174775,17.039623953990198,0.9918400354006756,1
12.515378481594425,26.251257547492287,0.717318483091322,1
14.814254964683293,29.960934709045674,0.6037355528595785,1
16.81956404309421,33.9692908419538,0.65359996168932,1
9.714858333054055,19.64318893584618,0.899523088282452,1
14.40916469969779,28.903475632355676,0.6785880135395516,1
16.837485262001238,33.930670661270135,0.5328098153032595,1
5.361367430854285,10.503154540815032,1.5355315768277376,1
15.575232812457637,30.90751100936114,0.6441542229475097,1
23.02300351577004,46.270358113828486,0.4187641458974737,1
16.18642375025738,32.812696895482006,0.5975751262338167,1
17.637937913330486,34.86656052272199,0.5781390055144741,1
12.798073147539522,25.280507618981186,0.7632338966238544,1
17.05462857944635,33.931456729788444,0.5322603511518551,1
25.240175331829516,50.573582138355086,0.465718941245008,1
7.348892679245555,14.319584838613096,1.1594444302505522,1
19.933286373535935,40.35575689638932,0.5074903355469944,1
17.804282111565232,35.73321834640179,0.5428135903842526,1
16.60287845138539,34.00527448043455,0.6674024744670367,1
14.094091633927933,27.74497124030571,0.6789862286707856,1
14.418882756186362,28.37064440359881,0.6669144093459688,1
10.688916108219411,21.029938996790765,0.832160073131613,1
0.9210920998683783,1.716411900017503,5.238008504986155,1
11.19822573168195,22.454765524209897,0.8271604275044029,1
19.737243124913764,38.65470406339935,0.4553566549367473,1
10.807198263321961,21.096534554003462,0.8314878942391918,1
13.001747101844849,25.67665126501649,0.7341184836621643,1
17.230601626396393,33.66385343695835,0.5345569590360918,1
8.662720538724209,17.23890796193728,1.0828706631744958,1
12.016450247280673,23.944119116894548,0.6976444946528246,1
16.454993651995075,33.68223640570085,0.5237859951383609,1
18.681356452306026,37.05311067586692,0.5842968651784579,1
10.55257369118748,20.082353761771287,0.8502144240066315,1
14.382413845531504,28.553159307672022,0.6480064191311043,1
11.847961269864257,23.428209977219655,0.7673865521589858,1
13.924227198857459,28.300562988942133,0.6798719952116525,1
10.19152965684475,20.415593915745156,0.8547466794725685,1
17.37365116051929,35.28128530452815,0.52181230951528,1
10.445670559291974,20.482880530138583,0.8352156623433059,1
12.322546053929766,24.693851508676193,0.7751377468869202,1
14.807139609764425,28.623141791043306,0.7118774095486387,1
8.093650502605897,15.56435793890126,1.0275001767870404,1
8.348312265396865,16.955270939254017,1.1253307304851343,1
5.144343259311555,10.7919811146419,1.6382024162807811,1
14.08782081387494,29.098872246089122,0.731460895572068,1
21.045846627359573,41.98419317048319,0.5045767811454824,1
8.134345477434042,16.391682080160237,1.0666696982110306,1
17.63363084546466,35.319526046901274,0.4221310400330335,1
13.904373694658368,28.380779227569874,0.6770443770706651,1
23.218464231995114,46.453293078934834,0.4462844197245711,1
19.37635419193075,38.924694272442935,0.4243401555209919,1
9.343869966214168,18.784793444864672,0.9810132479194241,1
18.25416253386884,35.18082250928055,0.5223846706156693,1
21.935505127255396,44.622569638796804,0.43810192462185577,1
18.505369750268372,37.50901847847224,0.5502731149626843,1
16.720467546067244,33.042484601970294,0.5177401832647012,1
12.864648516053279,25.844019526575,0.7337898864491619,1
10.853956263590018,22.07479411323479,0.9333729666150075,1
12.946108244230834,25.29057025341862,0.7880089851417765,1
13.943660177583391,28.470537020531097,0.7219817180035346,1
9.375908738561728,18.82864128564004,0.9061663500345186,1
13.7695839607057,27.81553131774908,0.6456092165474093,1
17.709411173817255,35.115731735587126,0.6336147911372719,1
17.741392360410583,35.6600858149934,0.48384514236359316,1
11.436690157854617,22.651160093658895,0.8340823198279611,1
9.93609605608447,20.20928910525379,0.9669312751544014,1
18.263019478881613,36.74531574912738,0.48327043931949537,1
20.341800845691814,40.039838758292014,0.5190032479240256,1
16.54570674993311,32.967836292578994,0.5954461900930592,1
12.350760277969822,24.457159274368458,0.7189063935645841,1
9.835791862147456,20.154147232497486,0.9137667445177766,1
14.770645207206663,28.814590136663636,0.57959390775008,1
6.982357072389341,13.931049731727517,1.2563969876406826,1
7.131939372012522,14.72837418410113,1.2838239492783692,1
22.46173866741323,44.62094193243489,0.45842794268391845,1
19.305563427309796,39.19785439017299,0.3844950319043415,1
12.240682158686248,24.414789486471687,0.7540529976285312,1
15.396975721430014,31.175852060287106,0.6279558687591722,1
13.05698619434426,25.50294578102911,0.5910924965815761,1
4.6517794631269425,8.595275889176694,1.7954993227832026,1
10.966030548762163,22.180817038468067,0.9506673135227951,1
21.674868214019835,44.58257392175737,0.464994364763433,1
13.837988261968494,27.715470851322017,0.6499533377575767,1
9.258900919242794,18.715064424469627,0.9799216079222532,1
18.811386774796862,38.32796707325839,0.4914902387363844,1
15.133979621478197,29.350192349159585,0.5734344650346864,1
20.064633127610463,40.05047220582227,0.4692255687732345,1
11.438865929737497,22.957999895615245,0.8193126744784359,1
19.87416488188373,39.982599870218756,0.5105358040105366,1
4.035542266526031,8.26942891484361,2.0389899804037754,1
12.608615014207118,25.142231896139855,0.800775725906324,1
14.215482174340295,28.62077394780639,0.6892714004073573,1
8.815799264147286,18.13929419478204,0.9733940697432647,1
12.062246891696375,24.153054032528555,0.8814350706051706,1
23.74457149779847,46.812794356887714,0.4020492171680972,1
14.061655220529765,28.899465482190585,0.6979882275755316,1
15.113514077285968,29.798695187369045,0.5775656862944496,1
17.860265726140252,35.72343662023863,0.5505742454264336,1
12.173408136478884,24.446602174941283,0.7628570003774456,1
16.09453381316835,31.3987743401957,0.6036201622298225,1
23.492865957096875,46.64474885748331,0.4568379708128653,1
7.7759490913853115,15.734739704612204,1.176421673269639,1
17.728358087163553,35.36639700633245,0.5434496654976417,1
21.066221958670198,42.08992571474082,0.38963538421143684,1
16.813212746439394,33.55504889695777,0.6073542836178714,1
13.807142792413739,27.86887720721077,0.6611718654205593,1
2.50877014974742,4.56742370057288,2.792872800632314,1
8.012709268696394,16.45492327748256,1.0398113801637279,1
16.777121917366554,33.03424008086683,0.5729678710742949,1
20.715698803250564,41.85050545889829,0.5176126406377615,1
14.285964118505438,28.485425660202,0.672542966312615,1
21.381158498025904,42.42742376951735,0.4373893158972852,1
25.77036534789883,51.76072531221009,0.3707754197073299,1
17.51360980928868,35.00927601139555,0.6043657268954521,1
15.79084696543453,31.690033278281796,0.5944285310190266,1
20.214794602109905,40.15588982162476,0.43798738896443884,1
18.161535975967574,36.188712528798725,0.46768174653300854,1
18.69996096359252,38.14377091529349,0.5484066745495106,1
11.767599968440026,23.94265581985649,0.795597315107261,1
21.614012889092024,42.21590355850551,0.43079445080943973,1
19.638803905683886,38.35122318707682,0.4873468714405755,1
2.7426826091740164,4.347708611890583,2.7498575764046995,1
7.6892606287008105,15.97142379138511,1.211973526515857,1
20.961173920841688,41.50456154837262,0.4798646650267417,1
20.958197589625154,42.21631096018451,0.3678114158780094,1
13.296358329990671,26.820012136969,0.7208009077589254,1
25.361892266988583,50.29188911152111,0.4319324395645125,1
21.484584118377647,43.211865561365535,0.3394666795852473,1
10.383246292724191,21.224785364288614,0.8818252927689326,1
17.343239424097025,34.30938008413902,0.4661576754782478,1
12.152175549110167,24.265014852165454,0.7634075636247266,1
10.050461025075439,20.078463112587205,0.8845411596657743,1
16.53993298934958,33.03791248935197,0.5535019717607568,1
8.914336724024224,17.557028715823655,1.0278148901229067,1
12.647732651611026,25.818919826701176,0.8027761904408834,1
11.38024924775422,22.75356657738871,0.8010898755723221,1
20.859248497971095,40.48333353804959,0.4259299488381571,1
8.226911113929942,17.0205536723662,1.1008052731356792,1
24.140475044006415,48.23968519200872,0.3438144501685418,1
12.73530415975376,25.700597962835584,0.7363822410593737,1
17.891214198727482,35.73024637143066,0.4788592669782661,1
12.106356449713566,24.889441042068807,0.7533799170164865,1
19.050399213944996,38.27251641455547,0.5159780094331615,1
14.58100401280251,29.081034543644392,0.6608093005927765,1
18.612044744697403,36.87952215720744,0.51928939278577,1
15.38767684713964,30.740105553663376,0.5314284088551965,1
17.640162527353127,35.46897306131441,0.40430039081740987,1
18.15370879775131,36.62441705648016,0.6134371867742278,1
14.284877919130997,28.493404583100737,0.6041682722329811,1
20.205837963365834,40.98015700914903,0.43876429574905934,1
18.90907671325389,37.313967200377974,0.4866753266657423,1
-0.011656403965364603,0.45544946581668,10.154371141618435,1
21.567392772596428,42.6151251504445,0.41360212535059077,1
13.48602807458288,26.574191027215722,0.6597509380271224,1
16.155755296760184,32.30831080539489,0.5631599608912413,1
18.909144984816034,36.96396366764851,0.5222754391905993,1
7.046431649496912,13.605886873920813,1.1336911903247682,1
14.16389668630751,28.507896578309598,0.5646118579594149,1
13.547420270323748,26.222242066773163,0.7264847043274039,1
20.28445614360406,40.775448404587564,0.548208104376817,1
14.121323755618613,28.678997483158025,0.5770104182816718,1
16.945738079996797,34.89799647609777,0.6102685333449354,1
19.51134814137857,38.69274582803286,0.3994201212303551,1
17.504643275671928,34.185870894670465,0.4879218650161013,1
13.439252446472286,26.242776503170454,0.7746955124294066,1
11.34494718627008,22.189885648613696,0.7637089162775197,1
14.576521352935337,28.2119275451635,0.7367889468461499,1
10.81371135890495,21.855928937812727,0.870684488837194,1
20.48409145846807,40.9989225185418,0.4754510064372701,1
18.742094033021218,37.684543366012356,0.5097541036872223,1
16.598109252075268,33.03685752702691,0.627647936647282,1
11.975653880848363,24.018455448748938,0.7622614170654034,1
10.652787578505507,21.93275938273384,0.8550824714726469,1
7.542791615114456,15.171897608103698,1.16579820811296,1
15.788546645805098,31.901731477088966,0.6538071086349466,1
14.723569551845927,30.689983203405102,0.5921336438998626,1
18.173086322747963,36.06566057736398,0.5232426232322498,1
20.586587847108923,42.22131112521473,0.4599597243935779,1
10.191924050960207,20.437268394574907,0.9621036950687043,1
14.031222674294833,28.17211496919706,0.6679366629966018,1
14.490236437633042,28.863594362786884,0.6864613768262668,1
10.37121152357124,20.270382195480074,0.9076787320862705,1
23.0152829898423,46.59345018064886,0.3735781332047448,1
18.000166403005345,35.8966537829795,0.5379138676026874,1
22.198350758593204,44.59866684444654,0.4238571777470245,1
11.13425541869064,22.367587062421887,0.8386561149991199,1
17.1862712352187,34.061938385303186,0.5121270408948239,1
7.860791611562367,15.33486612597529,1.1229227389461514,1
19.62942834232272,39.00642456277428,0.3936388249129479,1
6.621285160415573,13.597082284075503,1.338842508433786,1
16.142705578395155,32.05380021579361,0.555071548665176,1
11.00918202478429,20.920210910518662,0.8324255838576279,1
20.13815288489102,40.278824606263406,0.4975637574847273,1
12.68673733557335,25.896718661991393,0.7146346447609082,1
8.833174910670655,17.78426068810406,0.9432809948673628,1
11.852341856799065,24.30190714090857,0.7515068583404169,1
6.051914578512543,12.026489062315946,1.4342795250907128,1
16.59131755452091,33.25441773231303,0.6265915885668061,1
16.369476863561296,32.236620116642385,0.5288383024434649,1
8.95368842167116,17.834066444614642,0.9820400841022634,1
5.821912507024376,13.007506052049756,1.53612339635207,1
10.939798142831165,22.639384754876804,0.8175719527254813,1
25.576316538562896,51.39848743850061,0.36826722443573456,1
19.937625230882986,39.01678689072454,0.45540462963646117,1
13.38266864287354,26.942976930012758,0.6694589143491314,1
17.33290008611494,35.467938200223486,0.5569566687878472,1
23.978041377060133,48.20377208931174,0.4306152205168609,1
10.184843521461026,20.55611575134255,0.8854668628371117,1
6.8866428051983135,13.980898743840264,1.3075039107586452,1
8.875346366101976,17.545121436576117,0.936896506000344,1
19.125149430249042,38.31419413633816,0.603441939325754,1
22.34285166809667,45.51066898305881,0.379144935704023,1
10.415990070462744,20.82103260140071,0.8600771038854881,1
8.995663388168325,17.498841639335144,0.971891556282557,1
12.585128471266694,24.880551036046935,0.8266866677312228,1
12.785038588996734,26.319040857153286,0.6922797376281774,1
17.455500136364776,35.88537465522544,0.5103972391757404,1
5.7858865293686375,11.021195068763088,1.4701647591088753,1
13.019353081126058,25.65104979714688,0.7096289492585454,1
21.23808386516595,42.236527281971334,0.4549314337875924,1
12.69521526890571,24.56150640750038,0.7105863347388487,1
16.89743737167777,33.43581862899801,0.5233316888139982,1
17.573532925482436,34.998570945176915,0.562679011474136,1
7.294598261807358,14.583560192857272,1.1832351118969673,1
19.69271394897549,39.29783347852842,0.5845586572960454,1
7.906097714137874,16.449065548367802,1.163547833278569,1
12.4178583457122,25.108447183948268,0.7113291158240218,1
17.817678380968278,35.54313252218872,0.5352020889148934,1
24.044524218719715,47.92538087770367,0.4005671359144408,1
10.759497853952418,22.120012353226343,0.9139158611473874,1
17.909223161050182,35.11688236805967,0.5831903190926923,1
6.622835907358423,13.025019666013364,1.3789291203798157,1
14.200998097115399,28.238707985215427,0.620489784211257,1
19.097867886730963,38.52912622909039,0.36067133082775216,1
20.02790830394467,39.984241068593846,0.5666950724634485,1
10.953885038431874,22.257535897212723,0.8854490895745191,1
11.595149618023354,22.345284602574942,0.8731467260764292,1
13.472614748493351,26.333850847843095,0.6308520733024923,1
15.301784062963717,31.50099578691324,0.5880233528011862,1
11.328007800976843,23.496567931214134,0.7987429912965689,1
17.49231457319091,35.50673027817877,0.5254308115583881,1
14.581386012859411,28.464128064005916,0.6189392394924674,1
3.6038288524537965,6.429001754040021,2.1056242856499634,1
18.753767353226408,37.60074879834449,0.4111777407849916,1
15.692117669394147,30.30567036061027,0.5795544279125249,1
13.75277721413478,28.006771725547324,0.681521767202863,1
18.893157743806185,38.73215014433177,0.4415305523008174,1
9.343693927503974,18.278550001334366,0.989681841768744,1
16.000967311375135,32.50414614685508,0.6988311934458789,1
25.444511215839462,50.99753970721569,0.3335827593191743,1
11.095410232700026,22.063731280546325,0.8309476090577104,1
6.204372419617615,12.209592484644205,1.3928525204457884,1
11.510395930196463,23.37956872006475,0.8204788802514187,1
16.3874707124727,33.69398159949569,0.5598091984712633,1
16.728440704423036,33.73497235592389,0.3887989198123303,1
6.00108324353544,11.63523355713031,1.3476632843077545,1
9.642960198295576,18.440310638601687,0.9360182641678743,1
26.95444328752667,53.90151298960047,0.35726073187888985,1
15.919713167499856,32.21924735693147,0.6103608944760907,1
14.020000405516164,28.814880094591505,0.6951335446177057,1
14.150628558561742,27.432737382546264,0.6787409654917985,1
7.749850334216051,15.814412784585427,1.0622540271190948,1
18.57786373636957,37.47159874875238,0.4044673584433166,1
10.172673116153465,20.182120727915283,0.9249490935923351,1
6.811520435570625,13.653181848259006,1.2744191959820201,1
15.604635287100702,32.086661784168456,0.5778490084959992,1
7.729118841123278,15.164266096453664,1.1527146551235903,1
12.272595959937636,25.088734904702275,0.759988886656422,1
11.071124963832606,22.49642391097806,0.8424815408756188,1
5.341901968358037,11.328077741810691,1.5886770041521816,1
9.154359002057626,18.616212641328804,0.9996130755980798,1
12.701226939229729,25.878260420884594,0.8063131312054921,1
16.109088813678557,32.398308973964866,0.5299891529274675,1
9.664502499845185,19.373736741448216,0.8348058830974968,1
10.030548639077956,19.77320504672211,0.9818081533886625,1
7.6265298832691455,15.208957160116103,1.109645886291123,1
2.7299571577122137,5.375307582678446,2.7193447985342027,1
21.731095261935472,44.097481942368915,0.3771531507360981,1
19.428888244493663,38.34148650183032,0.5005753455231896,1
16.3520501605459,32.79874653573658,0.5254906591918473,1
16.406779771159215,33.324720658121436,0.5558999645273509,1
14.323898337009993,28.7954590178477,0.6884664882330522,1
21.123320391437417,42.479781741620606,0.3972760785824729,1
19.551814292370235,38.87345751912131,0.4225142260797095,1
19.074233756812497,38.065067221821366,0.5015969990090803,1
20.747505249975315,41.33816106309801,0.4692532523836636,1
17.57121499416787,35.833543146792294,0.5637062074572552,1
25.13882723358057,50.2513538681458,0.4374050083136295,1
8.47391897106576,17.760611036229673,1.0357357128978788,1
14.894847774415323,29.36398312409099,0.6352202231593806,1
18.067149056344523,35.88434391068159,0.5126816122146403,1
13.36448993426639,27.532394770378048,0.7626671842979923,1
13.15772574977439,26.927204300671185,0.7418837473178905,1
10.351900900379631,20.40385084654875,0.9676684958951838,1
11.23851218048863,23.346526299109243,0.7348547123232102,1
12.67381656874126,24.863557938502,0.7781389698039735,1
11.942432606825523,24.29251439092889,0.7252154654073915,1
6.296991718192102,12.147385103314672,1.3963934209908684,1
10.64853991099319,20.61894518021773,0.8161869700394211,1
20.419808994136943,40.82384488238572,0.5295800442850963,1
25.688206641076423,52.18397748772433,0.24194676695572828,1
5.717019223476358,11.342324419478318,1.5515976089669816,1
8.575322295511267,17.546056479234206,1.0410668620536558,1
9.590654679874092,19.321161968954037,0.9843221014687377,1
17.92686390188613,36.12309286490379,0.5160337589145969,1
18.0948336191934,36.704302158060074,0.5019692338367117,1
10.023894205526883,19.511472526469912,0.8703976419570949,1
19.40246117888598,40.15517431215095,0.39206846540772233,1
2.777846180593075,5.549414238184339,2.5811087651438607,1
12.420195927508178,24.921912364306564,0.7912462092296515,1
6.876070650366648,13.611637881635913,1.232211144188171,1
19.733023908556582,39.85053065816246,0.4196000381111971,1
13.391718059293336,26.936863950982325,0.6602007913861783,1
14.91209715312968,30.0554671414852,0.6327175699489223,1
12.19890720768671,25.10283567016579,0.7067075759175017,1
16.50563508654026,33.599447885327756,0.5677248212437614,1
6.203312019655288,12.398994674341798,1.3366692175999393,1
15.111525234522917,30.05845092970566,0.617851745151673,1
14.184547112791948,27.236907835920654,0.7402276340802494,1
13.403014998366407,27.20156493290744,0.6952760201500358,1
22.94648590401085,45.933553128310955,0.31588555960757353,1
19.147538710010643,37.997235085879915,0.5716297752971269,1
18.079705530202336,36.97652452843242,0.5008538328985325,1
18.64662970205251,37.9149868189602,0.5293806234585752,1
15.92584574334368,32.19587573484037,0.5380575215502095,1
9.877459415175025,20.389737814409358,0.9220779843846146,1
13.896429457099146,27.194539399971095,0.5410296994054937,1
14.674792696137542,29.24991304964775,0.6021330592741709,1
14.412307514164866,29.28955587812205,0.5486428740462413,1
11.29668522467969,23.167785367082384,0.8055652776453995,1
15.764923037940138,30.88458354437302,0.656449895918104,1
9.752903182795631,19.679762354974645,0.9028378531546813,1
13.075026078606744,25.256421010593062,0.7696736141603466,1
22.265652067183446,43.956159486570826,0.4289022412092311,1
6.830206970139411,13.802110777454452,1.2400643202927664,1
13.404559524012061,26.99441009171567,0.6484529958965553,1
18.299330097733986,36.16331151609735,0.5268483171199327,1
14.407272367791776,28.349020070419837,0.6249379132990339,1
11.218839426306067,22.038152227241007,0.8578528559572699,1
12.9876432040087,27.041098946104416,0.6603398948139645,1
20.139244232172274,40.70640796647332,0.49143648718361543,1
8.622760506156453,18.442624348069682,1.0088157734010375,1
12.805230702848165,24.976607893987133,0.7157474686305904,1
19.121009215925234,37.44242740791622,0.4688908098494598,1
16.454635110985627,33.08222649897986,0.5200339344856894,1
9.83904804721227,19.829903295875315,0.9440214638238699,1
17.251577240816193,34.193607797435725,0.4793086205812729,1
11.796800606422178,23.135601835621962,0.7133202600100792,1
17.859901674779888,36.68494268236685,0.4566951578804286,1
21.210159708374462,42.02961560831757,0.3503795213179722,1
14.419916139019962,27.873263003187713,0.6270197568470369,1
15.7405467833668,31.56801116073982,0.5472942326963776,1
20.692114153937915,41.10796699064804,0.4925829667579035,1
19.072177198303223,38.119569848785915,0.4796484531493264,1
14.090442230046758,27.82014302462793,0.7339955613270155,1
21.58907208788156,43.84112599489012,0.4968867552711309,1
17.398513045642623,35.17089555205879,0.5474125407071941,1
14.667844679088702,28.42490831834563,0.6023222678121141,1
16.27644138956942,31.61457737449059,0.5338016392118162,1
9.906284783783253,19.76903075191034,0.9366700117800671,1
9.779898714160916,20.561105378312874,0.90353335570225,1
13.639341335789192,26.64121130581853,0.6244054999991663,1
12.441849747652627,24.6082481625761,0.8318599564854021,1
11.028715860150147,21.990928836950843,0.8355609616638935,1
8.940035679152047,17.6815145042867,1.0373563327705453,1
16.638359584788684,33.72409234090806,0.5794786660687421,1
15.295086696357805,31.276991685447193,0.6302773910999502,1
16.2353410719895,32.78029972119399,0.5721166534138176,1
13.31212150529954,27.007603265110163,0.6633091994153829,1
12.42540292307253,25.029118219442083,0.740678791391674,1
11.384731166036882,23.188101780869143,0.8273928450507649,1
12.38774357274268,24.49029760794879,0.7147000506039268,1
18.610591482644626,37.698006413254944,0.5486616922015223,1
12.879021150302368,26.194014943245648,0.6897838837367294,1
12.413252428669148,24.77644406025361,0.7495460111191248,1
6.963367984963506,13.707528708476238,1.2518031322170382,1
13.981277790720767,28.277099892275327,0.6678857465731481,1
2.487331325327961,4.6378487539268365,2.8739830016938557,1
9.002367341623376,18.414328701461667,1.0301456424818374,1
22.94295336473918,46.00097242254397,0.46188093316471296,1
15.157102242518242,29.896783340078642,0.6510956089012634,1
17.354502116969154,34.12476850591097,0.4601459036864241,1
22.9939483563586,46.36366569999042,0.3708793471770209,1
20.935086230186958,42.09929349844595,0.4628114871807447,1
14.943068710152167,30.219397559897754,0.706706921384227,1
13.918302445883501,27.757789091553306,0.7408277899205318,1
10.368410345544337,20.79780039552083,0.8674033865614149,1
15.923486291454001,32.540803744117305,0.6958504571146791,1
11.54783398924712,22.779147656624186,0.8815201398620464,1
15.151310897052111,30.018071203004602,0.5787541462570488,1
23.636349199338966,47.14222347246974,0.3861272630777522,1
6.958203744934668,14.395239455370481,1.2585304945646525,1
26.671991462481564,52.76464726354442,0.3822559738046225,1
18.11435745995888,36.24984953887025,0.4704426452746589,1
13.23163620982471,26.442516497681133,0.7298707301040244,1
15.715010057536535,31.413620618957587,0.6773100047421095,1
15.47581803491486,31.91439843199644,0.5621197260672122,1
17.691786865776127,35.69171933345408,0.6231420164675886,1
12.827760021802359,25.2005050291493,0.7489936441334837,1
22.877779720023284,44.69447424678892,0.46727424942904044,1
15.488721558905075,30.53330572285505,0.5789936637879487,1
10.101574311517444,21.104710587280586,0.9745769553780882,1
19.036962099463008,37.95822187701474,0.46524328926036934,1
22.640767061195547,45.07980299371334,0.2852310147065288,1
19.021302579522374,37.81755713993228,0.5200267646862037,1
23.483274436505162,46.718591034559545,0.5086015305729681,1
15.047183410377105,29.670932910384906,0.5524022136446114,1
17.14704086094829,34.62786169690315,0.5473622236314897,1
13.75375226316955,27.39038677198086,0.6807139728983517,1
15.577996230229065,31.678537841319848,0.6485798696987444,1
7.803620401517244,15.642103193437404,1.124933975819087,1
16.832105650636585,33.46791788982262,0.6106369919775418,1
9.769838764542765,19.485575695140867,0.9626318079751082,1
16.965248989664133,33.47503718858672,0.5875265507542548,1
14.17501091466204,28.43341897991707,0.6881453032867602,1
17.307446898664868,33.83016288115089,0.5197854946929826,1
16.780779906271327,33.92348466772376,0.5920230387853515,1
13.25742269098751,26.10396980655769,0.7632284981783899,1
15.916126934126558,31.70422523186919,0.6172129174217009,1
9.1661117054691,19.22525836879725,0.8876621807205238,1
14.999999377439725,29.863663024518292,0.6180053188333156,1
24.127722984170944,48.29169934450495,0.4075647966760456,1
12.436742619263152,24.91207962808182,0.7803546914062454,1
12.665433012704288,25.07398826207115,0.7688110035520508,1
14.230177701503957,28.76343059383442,0.5614725243234028,1
11.295524948519871,21.971256595688132,0.7013916601802465,1
20.291143944382753,40.745764689342856,0.5161221200289446,1
20.342219008023037,41.240167958766946,0.42622247031733157,1
22.831012466492265,44.66618988707909,0.3497493339153096,1
